{"stats":{"minecraft:dropped":{"trueprimepiece:whitebeardcloak_chestplate":2,"trueprimepiece:diamond_key":5},"minecraft:mined":{"minecraft:dead_bush":3},"minecraft:custom":{"minecraft:time_since_rest":5646,"minecraft:play_one_minute":5646,"minecraft:crouch_one_cm":190,"minecraft:sprint_one_cm":6776,"minecraft:walk_one_cm":14564,"minecraft:sneak_time":37,"minecraft:drop":7,"minecraft:jump":86,"minecraft:damage_dealt":175,"minecraft:time_since_death":5646,"minecraft:fall_one_cm":836,"minecraft:fly_one_cm":9782,"minecraft:player_kills":1},"minecraft:used":{"trueprimepiece:diamondchest":5},"minecraft:picked_up":{"minecraft:stick":1,"trueprimepiece:whitebeardcloak_chestplate":3,"trueprimepiece:mihawk_drip_leggings":1,"trueprimepiece:diamond_key":10,"trueprimepiece:disease":1,"trueprimepiece:diamondchest":5,"trueprimepiece:katafit_leggings":1,"trueprimepiece:stache_helmet":1,"trueprimepiece:gomu_gomu":1,"trueprimepiece:bomu":1,"trueprimepiece:moku_fruit":1,"trueprimepiece:nikyu":1,"trueprimepiece:fujiscarf_helmet":1}},"DataVersion":2586}