{"stats":{"minecraft:dropped":{"trueprimepiece:gomu_gomu":1,"trueprimepiece:ace_sword":2,"trueprimepiece:whitebeardcloak_chestplate":2,"trueprimepiece:diamond_key":5},"minecraft:killed_by":{"minecraft:player":4,"trueprimepiece:sogeking_mob":1},"minecraft:mined":{"minecraft:dead_bush":4,"minecraft:sand":2},"minecraft:custom":{"minecraft:time_since_rest":3816,"minecraft:sprint_one_cm":66084,"minecraft:damage_taken":4533,"minecraft:walk_one_cm":117457,"minecraft:mob_kills":30,"minecraft:drop":10,"minecraft:damage_dealt":3772,"minecraft:fly_one_cm":116548,"minecraft:player_kills":2,"minecraft:crouch_one_cm":506,"minecraft:play_one_minute":25919,"minecraft:deaths":5,"minecraft:sneak_time":155,"minecraft:damage_dealt_resisted":200,"minecraft:jump":749,"minecraft:leave_game":1,"minecraft:time_since_death":3791,"minecraft:damage_resisted":842,"minecraft:fall_one_cm":29980},"minecraft:used":{"trueprimepiece:ace_sword":61,"trueprimepiece:bomu":1,"trueprimepiece:iron_mace":5,"minecraft:rabbit":1,"trueprimepiece:nikyu":1,"minecraft:sand":34,"trueprimepiece:diamondchest":5,"trueprimepiece:piratesaber":4},"minecraft:killed":{"minecraft:pillager":1,"trueprimepiece:beast_pirate_1":1,"trueprimepiece:pirate":3,"minecraft:zombie":1,"trueprimepiece:gun_marine":1,"trueprimepiece:daz_bones":1,"trueprimepiece:bon_clay":1,"trueprimepiece:tiger_mink":1,"minecraft:rabbit":2,"minecraft:spider":2,"trueprimepiece:fat_bandit_with_bazooka":1,"trueprimepiece:bandit_with_sw":1,"trueprimepiece:female_pirate":3,"trueprimepiece:scorpion":2},"minecraft:picked_up":{"minecraft:stick":3,"trueprimepiece:daz_bones_set_chestplate":1,"trueprimepiece:mihawk_drip_leggings":1,"trueprimepiece:flintlock":1,"trueprimepiece:diamond_key":10,"trueprimepiece:bon_clay_drip_helmet":1,"trueprimepiece:katafit_leggings":1,"trueprimepiece:diamondchest":5,"trueprimepiece:disease":1,"minecraft:sand":57,"trueprimepiece:piratesaber":1,"trueprimepiece:iron_mace":1,"trueprimepiece:whitebeardcloak_chestplate":3,"minecraft:rabbit_hide":1,"trueprimepiece:gomu_gomu":2,"trueprimepiece:stache_helmet":1,"trueprimepiece:ace_sword":3,"trueprimepiece:ironchest":3,"minecraft:rabbit":1,"trueprimepiece:beli":13,"trueprimepiece:bullet":30,"trueprimepiece:bomu":1,"trueprimepiece:moku_fruit":1,"trueprimepiece:nikyu":1,"trueprimepiece:fujiscarf_helmet":1}},"DataVersion":2586}