{"stats":{"minecraft:dropped":{"trueprimepiece:whitebeardcloak_chestplate":2,"trueprimepiece:diamond_key":5},"minecraft:killed_by":{"minecraft:player":4},"minecraft:mined":{"minecraft:dead_bush":3,"minecraft:sand":2},"minecraft:custom":{"minecraft:time_since_rest":1134,"minecraft:sprint_one_cm":36003,"minecraft:damage_taken":2432,"minecraft:walk_one_cm":73581,"minecraft:mob_kills":17,"minecraft:drop":7,"minecraft:damage_dealt":2690,"minecraft:fly_one_cm":76337,"minecraft:player_kills":2,"minecraft:crouch_one_cm":506,"minecraft:play_one_minute":17646,"minecraft:deaths":4,"minecraft:sneak_time":155,"minecraft:jump":483,"minecraft:time_since_death":1109,"minecraft:damage_resisted":264,"minecraft:fall_one_cm":16874},"minecraft:used":{"trueprimepiece:ace_sword":46,"trueprimepiece:bomu":1,"trueprimepiece:nikyu":1,"minecraft:sand":34,"trueprimepiece:diamondchest":5},"minecraft:killed":{"trueprimepiece:beast_pirate_1":1,"trueprimepiece:pirate":3,"minecraft:zombie":1,"trueprimepiece:tiger_mink":1,"minecraft:rabbit":1,"minecraft:spider":2,"trueprimepiece:fat_bandit_with_bazooka":1,"trueprimepiece:bandit_with_sw":1,"trueprimepiece:female_pirate":3,"trueprimepiece:scorpion":2},"minecraft:picked_up":{"minecraft:stick":2,"trueprimepiece:mihawk_drip_leggings":1,"trueprimepiece:diamond_key":10,"trueprimepiece:katafit_leggings":1,"trueprimepiece:diamondchest":5,"trueprimepiece:disease":1,"minecraft:sand":40,"trueprimepiece:whitebeardcloak_chestplate":3,"trueprimepiece:gomu_gomu":1,"trueprimepiece:stache_helmet":1,"trueprimepiece:ace_sword":1,"trueprimepiece:beli":9,"trueprimepiece:bullet":27,"trueprimepiece:bomu":1,"trueprimepiece:moku_fruit":1,"trueprimepiece:nikyu":1,"trueprimepiece:fujiscarf_helmet":1}},"DataVersion":2586}