{"stats":{"minecraft:dropped":{"trueprimepiece:ace_sword":1,"trueprimepiece:nikyu":1},"minecraft:killed_by":{"minecraft:player":3,"trueprimepiece:female_pirate":1,"trueprimepiece:bandit_with_sw":1,"minecraft:zombie":1},"minecraft:mined":{"minecraft:sand":3},"minecraft:custom":{"minecraft:time_since_rest":339,"minecraft:sprint_one_cm":22094,"minecraft:damage_taken":1978,"minecraft:walk_one_cm":37664,"minecraft:mob_kills":7,"minecraft:drop":2,"minecraft:damage_dealt":955,"minecraft:fly_one_cm":80656,"minecraft:play_one_minute":27789,"minecraft:deaths":7,"minecraft:sneak_time":32,"minecraft:jump":107,"minecraft:leave_game":13,"minecraft:time_since_death":53,"minecraft:fall_one_cm":21715},"minecraft:used":{"trueprimepiece:doku_doku_no_mi":2,"minecraft:sandstone":3,"trueprimepiece:gravity_blade_out":12,"trueprimepiece:diamondchest":5,"trueprimepiece:wadoichimonji":5,"trueprimepiece:sea_beast_chest":1},"minecraft:killed":{"minecraft:husk":3,"trueprimepiece:pirate":1,"minecraft:creeper":1,"trueprimepiece:female_pirate":1,"trueprimepiece:scorpion":1},"minecraft:picked_up":{"minecraft:sandstone":14,"trueprimepiece:gravity_blade_out":1,"trueprimepiece:wadoichimonji":1,"trueprimepiece:goe_fruit":2,"trueprimepiece:diamond_key":5,"trueprimepiece:gravity_blade":1,"trueprimepiece:brook_fit_boots":2,"trueprimepiece:diamondchest":5,"minecraft:sand":118,"trueprimepiece:tori_torinomi":2,"trueprimepiece:aceshat_helmet":2,"trueprimepiece:luffy_shirt_chestplate":2,"trueprimepiece:horo_horo_no_mi":2,"trueprimepiece:sea_beast_scales":5,"minecraft:cactus":1,"minecraft:rotten_flesh":6,"trueprimepiece:ace_sword":1,"trueprimepiece:doku_doku_no_mi":1,"trueprimepiece:sabo_fit_chestplate":2,"trueprimepiece:beli":1,"trueprimepiece:itonomi":2,"trueprimepiece:bullet":3,"trueprimepiece:sea_beast_eye":1,"trueprimepiece:nikyu":1}},"DataVersion":2586}