{"stats":{"minecraft:killed_by":{"minecraft:player":1},"minecraft:mined":{"minecraft:sand":3},"minecraft:custom":{"minecraft:time_since_rest":1801,"minecraft:play_one_minute":16736,"minecraft:deaths":1,"minecraft:sprint_one_cm":8149,"minecraft:damage_taken":586,"minecraft:walk_one_cm":18905,"minecraft:sneak_time":30,"minecraft:mob_kills":6,"minecraft:jump":23,"minecraft:damage_dealt":835,"minecraft:leave_game":4,"minecraft:time_since_death":1767,"minecraft:fall_one_cm":5624,"minecraft:fly_one_cm":19558},"minecraft:used":{"trueprimepiece:gravity_blade_out":10,"trueprimepiece:diamondchest":5,"trueprimepiece:doku_doku_no_mi":2,"trueprimepiece:wadoichimonji":5,"minecraft:sandstone":3,"trueprimepiece:sea_beast_chest":1},"minecraft:killed":{"minecraft:husk":3,"minecraft:creeper":1,"trueprimepiece:female_pirate":1,"trueprimepiece:scorpion":1},"minecraft:picked_up":{"trueprimepiece:luffy_shirt_chestplate":2,"trueprimepiece:gravity_blade_out":1,"trueprimepiece:horo_horo_no_mi":2,"minecraft:sandstone":14,"trueprimepiece:sea_beast_scales":5,"trueprimepiece:wadoichimonji":1,"minecraft:rotten_flesh":6,"trueprimepiece:goe_fruit":2,"trueprimepiece:gravity_blade":1,"trueprimepiece:diamond_key":5,"trueprimepiece:brook_fit_boots":2,"trueprimepiece:diamondchest":5,"minecraft:sand":102,"trueprimepiece:ace_sword":1,"trueprimepiece:sabo_fit_chestplate":2,"trueprimepiece:doku_doku_no_mi":1,"trueprimepiece:itonomi":2,"trueprimepiece:sea_beast_eye":1,"trueprimepiece:tori_torinomi":2,"trueprimepiece:aceshat_helmet":2}},"DataVersion":2586}